parameter,reward_sensitivity,convergence_sensitivity,stability_sensitivity,best_value,best_reward
learning_rate,0.6442930444749749,1.8582089552238805,0.9577289312617354,0.0001,0.7927684376641742
gamma,0.17848996560590338,0.0,0.8331350313451741,0.95,0.7683611241608916
epsilon_decay,24.10980180348179,1.1474654377880185,3.662339212817314,0.995,0.8204033190018191
batch_size,0.34627405109419757,0.0,0.7018683641510993,32.0,0.8342620727153905
hidden_size,4.699467859119325,0.465982028241335,15.402318116695469,512.0,0.697518607353939
target_update_freq,0.27569783925527025,0.9956331877729259,0.6205192705133811,1000.0,0.8630339710200626
