parameter,value,best_fitness,final_fitness,convergence_generation,diversity_maintenance,execution_time,fitness_improvement,convergence_rate
crossover_rate,0.6,888331.5,888331.5,24,0.0,40.29756188392639,0.9997095332482253,152869922.62848383
crossover_rate,0.7,886336.0,886336.0,37,0.075,39.05863285064697,0.9997101857370803,152867912.1700121
crossover_rate,0.8,889330.75,889330.75,22,0.0,44.36892819404602,0.9997092065133277,152869972.71598384
crossover_rate,0.9,886336.0,886336.0,30,0.075,36.47654104232788,0.9997101857370803,152869972.57848385
