scenario,policy,n_episodes,energy_mean,energy_sd,energy_min,energy_max,duration_mean,duration_sd,success_rate,overshoot_mean,n_hot,n_cold
cold_start,dqn_final,100,616.6097999999994,1.1270494060316794,608.7599999999995,616.7699999999995,92.98,0.14070529413628968,100.0,7.499350280763903,0,100
cold_start,expert_profile,100,618.3897999999997,1.1270494060316791,610.5399999999996,618.5499999999996,91.98,0.14070529413628968,100.0,3.498462252182087,0,100
cold_start,always_max_450kw,100,642.4019999999994,3.220141160090512,640.7999999999995,648.8099999999995,81.2,0.40201512610368484,100.0,3.520661703670421,0,100
hot_start,dqn_final,100,591.1824999999995,18.25552172590111,566.0399999999996,635.4599999999995,91.05,2.945206686166936,100.0,4.362567291685325,100,0
hot_start,expert_profile,100,592.5174999999996,14.860480461460659,570.4899999999997,626.5599999999996,88.75,1.855241006424554,100.0,3.998075470719574,100,0
hot_start,always_max_450kw,100,626.9426999999995,52.48008940108095,472.58999999999963,664.8299999999995,79.27,6.551821398387141,100.0,4.632538766319885,100,0
mixed_80_20,dqn_final,100,601.5064999999995,19.570752522397488,566.9299999999996,635.4599999999995,92.22,2.890527895584389,100.0,4.889192158512577,80,20
mixed_80_20,expert_profile,100,601.4085999999998,17.078136357768805,570.4899999999997,626.5599999999996,89.86,2.1321019173244475,100.0,3.9125115427845936,80,20
mixed_80_20,always_max_450kw,100,637.1954999999995,39.06495438834703,472.58999999999963,664.8299999999995,80.55,4.8770230197686715,100.0,4.71566253733101,80,20
