policy,n_episodes,duration_mean,duration_sd,duration_median,duration_min,duration_max,energy_mean_kwh,energy_sd_kwh,energy_median_kwh,energy_min_kwh,energy_max_kwh,success_rate,success_count,mean_final_temp_c,sd_final_temp_c,mean_overshoot_c,overshoot_rate
dqn_final,100,91.1,2.951270912674741,90.0,87.0,97.0,591.5829999999996,18.348035889435113,582.9499999999996,566.0399999999996,631.0099999999995,1.0,100,954.559042970299,2.2025668074192644,4.559042970298812,1.0
expert_profile,100,88.78,1.8739263592788276,88.0,86.0,93.0,592.7577999999996,15.01015013782339,586.5099999999996,570.4899999999997,626.5599999999996,1.0,100,954.3098770583382,2.361916653468168,4.309877058338045,1.0
