parameter,reward_sensitivity,convergence_sensitivity,stability_sensitivity,best_value,best_reward
learning_rate,0.13350659541776833,0.4343872747205479,0.8086099241287364,0.001,103.26195616327763
gamma,0.18325903716905237,0.11680381866271576,0.19196061433853828,0.995,101.99712791653019
epsilon_decay,0.01488152583536319,0.0331623314319304,0.02368566279520375,0.9995,100.85624501368423
batch_size,0.011131075915593083,0.015087461997863203,0.05370264177999004,256.0,100.04244086144809
hidden_size,0.016591551732658017,0.032596570858865394,0.04828517315961321,512.0,101.02276590397362
target_update_freq,0.011851186030952412,0.020965801197558715,0.09404817763489849,2000.0,100.245311981803
